page_id,pos,impr,ctr,ctr_ratio,risk,reasons
00af9477,2.3405,352607.0,0.0013,0.2115,0.9891,"LOW_CTR_FOR_POSITION, HIGH_VISIBILITY, HIGH_IMPRESSIONS, GROWING_IMPRESSIONS"
21e5538d,5.8845,222311.0,0.0002,0.0549,0.9964,"LOW_CTR_FOR_POSITION, HIGH_IMPRESSIONS, GROWING_IMPRESSIONS"
9151f434,1.7721,201686.0,0.0002,0.0386,0.995,"LOW_CTR_FOR_POSITION, HIGH_VISIBILITY, HIGH_IMPRESSIONS, GROWING_IMPRESSIONS"
fccd9bf7,8.4584,196408.0,0.0002,0.0807,0.9959,"LOW_CTR_FOR_POSITION, HIGH_IMPRESSIONS, GROWING_IMPRESSIONS"
b97b9445,10.1719,151231.0,0.0,0.003,0.9716,"LOW_CTR_FOR_POSITION, HIGH_IMPRESSIONS, DECLINING_IMPRESSIONS"
77dc4b9a,4.0995,186811.0,0.0012,0.238,0.9933,"LOW_CTR_FOR_POSITION, HIGH_VISIBILITY, HIGH_IMPRESSIONS"
35120621,7.8643,136324.0,0.0002,0.0689,0.9942,"LOW_CTR_FOR_POSITION, HIGH_IMPRESSIONS"
b8719ee7,8.8215,142507.0,0.0003,0.1143,0.9913,"LOW_CTR_FOR_POSITION, HIGH_IMPRESSIONS, GROWING_IMPRESSIONS"
4f1bddc3,3.6536,172166.0,0.0015,0.2842,0.9905,"LOW_CTR_FOR_POSITION, HIGH_VISIBILITY, HIGH_IMPRESSIONS"
63a3dd9d,2.1889,132497.0,0.0005,0.0804,0.9948,"LOW_CTR_FOR_POSITION, HIGH_VISIBILITY, HIGH_IMPRESSIONS, GROWING_IMPRESSIONS"
bf56013b,6.5746,166261.0,0.001,0.3012,0.9891,"LOW_CTR_FOR_POSITION, HIGH_IMPRESSIONS"
e89b5771,4.6953,154275.0,0.0013,0.2492,0.9756,"LOW_CTR_FOR_POSITION, HIGH_VISIBILITY, HIGH_IMPRESSIONS, GROWING_IMPRESSIONS"
23465693,1.302,113898.0,0.0,0.0315,0.9838,"LOW_CTR_FOR_POSITION, HIGH_VISIBILITY, HIGH_IMPRESSIONS, GROWING_IMPRESSIONS"
cba4c944,7.8302,111727.0,0.0001,0.0392,0.9796,"LOW_CTR_FOR_POSITION, HIGH_IMPRESSIONS, DECLINING_IMPRESSIONS"
44e8ee5c,4.5866,152961.0,0.0015,0.2958,0.976,"LOW_CTR_FOR_POSITION, HIGH_VISIBILITY, HIGH_IMPRESSIONS, DECLINING_IMPRESSIONS"
e9d0a9a3,5.0351,261440.0,0.0018,0.5495,0.8727,"LOW_CTR_FOR_POSITION, HIGH_IMPRESSIONS, GROWING_IMPRESSIONS"
61cc8b6f,8.7727,111064.0,0.0003,0.1386,0.985,"LOW_CTR_FOR_POSITION, HIGH_IMPRESSIONS, GROWING_IMPRESSIONS"
e7598441,5.3128,131817.0,0.0009,0.2968,0.9912,"LOW_CTR_FOR_POSITION, HIGH_IMPRESSIONS"
8d79a280,8.0368,110150.0,0.0004,0.1685,0.9938,"LOW_CTR_FOR_POSITION, HIGH_IMPRESSIONS"
de60f385,6.6373,124333.0,0.0009,0.2668,0.9847,"LOW_CTR_FOR_POSITION, HIGH_IMPRESSIONS, DECLINING_IMPRESSIONS"
